

SET FOREIGN_KEY_CHECKS=0;
SET SQL_MODE = "NO_AUTO_VALUE_ON_ZERO";
SET AUTOCOMMIT = 0;
START TRANSACTION;
SET time_zone = "+00:00";



--
-- Base de datos: ABP_PADEL
--
DROP DATABASE IF EXISTS ABP_PADEL;

CREATE DATABASE IF NOT EXISTS ABP_PADEL DEFAULT CHARACTER SET utf8 COLLATE utf8_spanish_ci;
USE ABP_PADEL;

--
-- Usuario abp_padel
--

DROP USER IF EXISTS 'abp_padel'@'localhost';
CREATE USER 'abp_padel'@'localhost' IDENTIFIED BY 'abp_padel';

GRANT ALL PRIVILEGES ON ABP_PADEL.* TO 'abp_padel'@'localhost' IDENTIFIED BY 'abp_padel';

-- --------------------------------------------------------

USE ABP_PADEL;

DROP TABLE IF EXISTS ROL;
CREATE TABLE ROL (
	id int(15) NOT NULL AUTO_INCREMENT, 
	nombre varchar(25) NOT NULL DEFAULT 'Deportista', 

	PRIMARY KEY (id)
);


DROP TABLE IF EXISTS FUNCIONALIDAD;
CREATE TABLE FUNCIONALIDAD(
	id int(15) NOT NULL AUTO_INCREMENT, 
	nombre varchar(25) NOT NULL, 
	descripcion varchar(200) NOT NULL,

	PRIMARY KEY (id)
);


DROP TABLE IF EXISTS ACCION;
CREATE TABLE ACCION(
	id int(15) NOT NULL AUTO_INCREMENT, 
	nombre varchar(25) NOT NULL, 
	descripcion varchar(200) NOT NULL,

	PRIMARY KEY (id)
);


DROP TABLE IF EXISTS ROL_PERMISOS;
CREATE TABLE ROL_PERMISOS(
	ROL_id int(15) NOT NULL, 
	FUNCIONALIDAD_id int(15) NOT NULL, 
	ACCION_id int(15) NOT NULL, 

	PRIMARY KEY (ROL_id, FUNCIONALIDAD_id, ACCION_id),
	FOREIGN KEY (ROL_id) REFERENCES ROL (id) ,
	FOREIGN KEY (FUNCIONALIDAD_id) REFERENCES FUNCIONALIDAD (id),
	FOREIGN KEY (ACCION_id) REFERENCES ACCION (id)
);


DROP TABLE IF EXISTS USUARIO;
CREATE TABLE USUARIO (
	login varchar(25) NOT NULL, 
	password varchar(40) NOT NULL, 
	nombre varchar(25) NOT NULL, 
	apellidos varchar(25) NOT NULL, 
	genero enum('Masculino', 'Femenino') NOT NULL, 
	email varchar(60) NOT NULL UNIQUE, 
	ROL_id int(255) NOT NULL, 
	
	PRIMARY KEY (login),
	FOREIGN KEY (ROL_id) REFERENCES ROL (id) ON DELETE CASCADE
);


DROP TABLE IF EXISTS PISTA;
CREATE TABLE PISTA (
	nombre varchar(25) NOT NULL, 
	tipo varchar(40) NOT NULL, 
	
	PRIMARY KEY (nombre)
);


DROP TABLE IF EXISTS HORARIO;
CREATE TABLE HORARIO (
	id int(255) NOT NULL AUTO_INCREMENT, 
	hora_inicio time NOT NULL UNIQUE, 
	hora_fin time NOT NULL UNIQUE, 
	
	PRIMARY KEY (id)
);


DROP TABLE IF EXISTS CATEGORIA;
CREATE TABLE CATEGORIA (
	id int(255) NOT NULL AUTO_INCREMENT, 
	nivel int(1) NOT NULL, 
	genero varchar(25) NOT NULL,

	PRIMARY KEY (id)
);


DROP TABLE IF EXISTS CAMPEONATO;
CREATE TABLE CAMPEONATO (
	id int(255) NOT NULL AUTO_INCREMENT, 
	nombre varchar(50) NOT NULL, 
	fecha date NOT NULL, 
	USUARIO_admin_login varchar(25) NOT NULL, 

	PRIMARY KEY (id),
	FOREIGN KEY (USUARIO_admin_login) REFERENCES USUARIO (login)  ON DELETE CASCADE
);


DROP TABLE IF EXISTS PAREJA;
CREATE TABLE PAREJA (
	id int(255) NOT NULL AUTO_INCREMENT, 
	capitan varchar(25) NOT NULL, 
	jugador_2 varchar(25) NOT NULL, 
	
	PRIMARY KEY (id),
	FOREIGN KEY (capitan) REFERENCES USUARIO (login) ON DELETE CASCADE,
	FOREIGN KEY (jugador_2) REFERENCES USUARIO (login) ON DELETE CASCADE
);


DROP TABLE IF EXISTS RESERVA;
CREATE TABLE RESERVA (
	id int(255) NOT NULL AUTO_INCREMENT, 
	fecha date NOT NULL, 
	USUARIO_login varchar(25) NOT NULL, 
	HORARIO_id int(255) NOT NULL, 
	PISTA_nombre varchar(25) NOT NULL, 
	
	PRIMARY KEY (id),
	FOREIGN KEY (USUARIO_login) REFERENCES USUARIO (login) ON DELETE CASCADE,
	FOREIGN KEY (HORARIO_id) REFERENCES HORARIO (id) ON DELETE CASCADE,
	FOREIGN KEY (PISTA_nombre) REFERENCES PISTA (nombre)  ON DELETE CASCADE
);


DROP TABLE IF EXISTS PARTIDO;
CREATE TABLE PARTIDO (
	id int(255) NOT NULL AUTO_INCREMENT, 
	fecha date NOT NULL, 
	inscritos int(1) DEFAULT 0 NOT NULL, 
	HORARIO_id int(255) NOT NULL, 
	RESERVA_id int(255), 
	USUARIO_login varchar(25) NOT NULL, 
	
	PRIMARY KEY (id),
	FOREIGN KEY (HORARIO_id) REFERENCES HORARIO (id) ON DELETE CASCADE,
	FOREIGN KEY (RESERVA_id) REFERENCES RESERVA (id) ON DELETE CASCADE,
	FOREIGN KEY (USUARIO_login) REFERENCES USUARIO (login)  ON DELETE CASCADE
);


DROP TABLE IF EXISTS USUARIO_PARTIDO;
CREATE TABLE USUARIO_PARTIDO (
	USUARIO_login varchar(25) NOT NULL, 
	PARTIDO_id int(255) NOT NULL, 
	
	PRIMARY KEY (USUARIO_login, PARTIDO_id),
	FOREIGN KEY (USUARIO_login) REFERENCES USUARIO (login) ON DELETE CASCADE,
	FOREIGN KEY (PARTIDO_id) REFERENCES PARTIDO (id) ON DELETE CASCADE
);


DROP TABLE IF EXISTS GRUPO;
CREATE TABLE GRUPO (
	id int(255) NOT NULL AUTO_INCREMENT, 
	nombre varchar(20) NOT NULL, 
	CAMPEONATO_id int(255) NOT NULL, 
	CATEGORIA_id int(255) NOT NULL, 

	PRIMARY KEY (id),
	FOREIGN KEY (CAMPEONATO_id) REFERENCES CAMPEONATO (id)  ON DELETE CASCADE,
	FOREIGN KEY (CATEGORIA_id) REFERENCES CATEGORIA (id) ON DELETE CASCADE
);


DROP TABLE IF EXISTS INSCRIPCION;
CREATE TABLE INSCRIPCION (
	id int(255) NOT NULL AUTO_INCREMENT, 
	fecha date NOT NULL, 
	PAREJA_id int(255) NOT NULL, 
	CATEGORIA_CAMPEONATO_id int(10) NOT NULL,
	GRUPO_id int(255),

	PRIMARY KEY (id),
	FOREIGN KEY (PAREJA_id) REFERENCES PAREJA (id) ON DELETE CASCADE,
	FOREIGN KEY (CATEGORIA_CAMPEONATO_id) REFERENCES CATEGORIA_CAMPEONATO (id) ON DELETE CASCADE,
	FOREIGN KEY (GRUPO_id) REFERENCES GRUPO (id) ON DELETE CASCADE
);


DROP TABLE IF EXISTS ENFRENTAMIENTO;
CREATE TABLE ENFRENTAMIENTO (
	id int(255) NOT NULL AUTO_INCREMENT, 
	resultado varchar(30) DEFAULT NULL, 
	PAREJA_1 int(255) NOT NULL, 
	PAREJA_2 int(255) NOT NULL, 
	GRUPO_id int(255) NOT NULL, 
	RESERVA_id int(255) DEFAULT NULL, 

	PRIMARY KEY (id),
	FOREIGN KEY (GRUPO_id) REFERENCES GRUPO (id) ON DELETE CASCADE,
	FOREIGN KEY (PAREJA_1) REFERENCES PAREJA (id) ON DELETE CASCADE,
	FOREIGN KEY (PAREJA_2) REFERENCES PAREJA (id) ON DELETE CASCADE,
	FOREIGN KEY (RESERVA_id) REFERENCES RESERVA (id) ON DELETE CASCADE
);


DROP TABLE IF EXISTS HUECO_DISPONIBLE;
CREATE TABLE HUECO_DISPONIBLE (
	id int(255) NOT NULL AUTO_INCREMENT,  
	fecha date NOT NULL, 
	HORARIO_id int(255) NOT NULL, 
	PAREJA_id int(255) NOT NULL, 
	ENFRENTAMIENTO_id int(255) NOT NULL, 

	PRIMARY KEY (id),
	FOREIGN KEY (PAREJA_id) REFERENCES PAREJA (id) ON DELETE CASCADE,
	FOREIGN KEY (HORARIO_id) REFERENCES HORARIO (id) ON DELETE CASCADE,
	FOREIGN KEY (ENFRENTAMIENTO_id) REFERENCES ENFRENTAMIENTO (id) ON DELETE CASCADE
);


DROP TABLE IF EXISTS CATEGORIA_CAMPEONATO;
CREATE TABLE CATEGORIA_CAMPEONATO (
	id int(10) NOT NULL AUTO_INCREMENT,
	CAMPEONATO_id int(255) NOT NULL, 
	CATEGORIA_id int(255) NOT NULL, 

	PRIMARY KEY (id),
	FOREIGN KEY (CAMPEONATO_id) REFERENCES CAMPEONATO (id) ON DELETE CASCADE,
	FOREIGN KEY (CATEGORIA_id) REFERENCES CATEGORIA (id) ON DELETE CASCADE
);


DROP TABLE IF EXISTS CLASICICACION;
CREATE TABLE CLASIFICACION (
	id int(255) NOT NULL AUTO_INCREMENT, 
	puntos int(255) NOT NULL, 
	PAREJA_id int(255) NOT NULL, 
	GRUPO_id int(255) NOT NULL, 

	PRIMARY KEY (id),
	FOREIGN KEY (PAREJA_id) REFERENCES PAREJA (id) ON DELETE CASCADE,
	FOREIGN KEY (GRUPO_id) REFERENCES GRUPO (id) ON DELETE CASCADE
);

-- INSERTS

-- INSERTS EN TABLA ROL
INSERT INTO ROL (id, nombre) VALUES
(1, 'Administrador'),
(2, 'Deportista');


-- INSERTS EN TABLA FUNCIONALIDAD
INSERT INTO FUNCIONALIDAD (id, nombre, descripcion) VALUES
(1, 'ACCION', 'Gestion de acciones'),
(2, 'FUNCIONALIDAD', 'Gestion de funcionalidades'),
(3, 'USUARIO', 'Gestion de usuarios'),
(4, 'PERMISO', 'Gestion de los permisos en la aplicacion'),
(5, 'PARTIDO', 'Gestion de partidos propuestos por el club a los que se pueden apuntar los deportistas'),
(6, 'PISTA', 'Gestión de pistas'),
(7, 'HORARIO', 'Gestion de los horarios'),
(8, 'RESERVA', 'Gestion de reservas'),
(9, 'CAMPEONATO', 'Gestion de campeonatos'),
(10, 'INSCRIPCION', 'Gestion de inscripciones en campeonatos'),
(11, 'ENFRENTAMIENTO', 'Gestion de enfrentamientos');


-- INSERTS EN TABLA ACCION
INSERT INTO ACCION (id, nombre, descripcion) VALUES
(1, 'ADD', 'Se anade un valor'),
(2, 'DELETE', 'Se borra un valor'),
(3, 'EDIT', 'Se edita un valor'),
(4, 'SHOWCURRENT', 'Se muestra un valor en detalle'),
(5, 'SHOWALL', 'Muestra todos los valores requeridos');


-- INSERTS EN TABLA ROL_PERMISOS
INSERT INTO ROL_PERMISOS (ROL_id, FUNCIONALIDAD_id, ACCION_id) VALUES
(1, 1, 1),
(1, 1, 2),
(1, 1, 3),
(1, 1, 4),
(1, 1, 5),
(1, 2, 1),
(1, 2, 2),
(1, 2, 3),
(1, 2, 4),
(1, 2, 5),
(1, 3, 1),
(1, 3, 2),
(1, 3, 3),
(1, 3, 4),
(1, 3, 5),
(1, 4, 1),
(1, 4, 2),
(1, 4, 3),
(1, 4, 4),
(1, 4, 5),
(1, 5, 1),
(1, 5, 2),
(1, 5, 4),
(1, 5, 5),
(1, 6, 1),
(1, 6, 2),
(1, 6, 4),
(1, 6, 5),
(1, 7, 1),
(1, 7, 2),
(1, 7, 4),
(1, 7, 5),
(1, 8, 1),
(1, 8, 2),
(1, 8, 4),
(1, 8, 5),
(1, 9, 1),
(1, 9, 2),
(1, 9, 4),
(1, 9, 5),
(1, 10, 1),
(1, 10, 2),
(1, 10, 4),
(1, 10, 5),
(1, 11, 1),
(1, 11, 2),
(1, 11, 4),
(1, 11, 5),
(2, 5, 1),
(2, 5, 2),
(2, 5, 4),
(2, 5, 5),
(2, 6, 1),
(2, 6, 2),
(2, 6, 4),
(2, 6, 5),
(2, 7, 1),
(2, 7, 2),
(2, 7, 4),
(2, 7, 5),
(2, 8, 1),
(2, 8, 2),
(2, 8, 4),
(2, 8, 5),
(2, 9, 1),
(2, 9, 2),
(2, 9, 4),
(2, 9, 5),
(2, 10, 1),
(2, 10, 2),
(2, 10, 4),
(2, 10, 5),
(2, 11, 1),
(2, 11, 2),
(2, 11, 4),
(2, 11, 5);

-- INSERTS EN TABLA USUARIO
INSERT INTO USUARIO (login, password, nombre, apellidos, genero, email, ROL_id) VALUES
('admin', '21232f297a57a5a743894a0e4a801fc3', 'Administrador', 'Admin', 'Femenino', 'admin@email.com', 1),
('pepe', '926e27eecdbc7a18858b3798ba99bddd', 'Jose Ramon', 'Perez Lopez', 'Masculino', 'pepe@email.com', 2),
('carlos', 'dc599a9972fde3045dab59dbd1ae170b', 'Carlos', 'Dieguez Torres', 'Masculino', 'carlos@email.com', 2),
('maria', '263bce650e68ab4e23f28263760b9fa5', 'Maria', 'Giraldez', 'Femenino', 'maria@email.com', 2),
('jose', '662eaa47199461d01a623884080934ab', 'Jose', 'Garcia Fernandez', 'Masculino', 'jose@email.com', 2),
('lucia', '3ba430337eb30f5fd7569451b5dfdf32', 'Lucia', 'Rosales Montero', 'Femenino', 'lucia@email.com', 2),
('sara', '5bd537fc3789b5482e4936968f0fde95', 'Sara', 'Penedo Villanueva', 'Femenino', 'sara@email.com', 2),
('lucas', 'dc53fc4f621c80bdc2fa0329a6123708', 'Lucas', 'Gonzalez Baltar', 'Masculino', 'lucas@email.com', 2),
('agustin', '4ff413b71217b7b2c3e845c71fc834a9', 'Agustin', 'Calderon Pelaez', 'Masculino', 'agustin@email.com', 2),
('carmen', '880cbc1ed48043cbcdaa7286e058ef7f', 'Carmen', 'Plaza Paz', 'Femenino', 'carmen@email.com', 2),
('felix', '25779f8829ab7a7650e85a4cc871e6ac', 'Felix', 'Alegria Perez', 'Masculino', 'felix@email.com', 2),
('alfonso', '3f128e570b3a9009d7b52a0523af43dd', 'Alfonso', 'Castillejo Ruanova', 'Masculino', 'alfonso@email.com', 2),
('alicia', 'e94ef563867e9c9df3fcc999bdb045f5', 'Alicia', 'Quintana Jimenez', 'Femenino', 'alicia@email.com', 2),
('jaime', 'fde2fdb1dbf604aede0ffee76d26e4ce', 'Jaime', 'Rios Roca', 'Masculino', 'jaime@email.com', 2),
('rocio', '325daa03a34823cef2fc367c779561ba', 'Rocio', 'Barroso Santos', 'Femenino', 'rocio@email.com', 2),
('miguel', '9eb0c9605dc81a68731f61b3e0838937', 'Miguel', 'Contreras Villanueva', 'Masculino', 'miguel@email.com', 2),
('lorenzo', '3334703c735bd09f54c377b4dfaac1c3', 'Lorenzo', 'Puebla Novoa', 'Masculino', 'lorenzo@email.com', 2),
('guillermo', 'd7ed8e65834e0f58fa7c43f332e64cfe', 'Guillermo', 'Valderrama Corral', 'Masculino', 'guillermo@email.com', 2),
('paula', '1b207465eac83b5d4b12e335faa0b53a', 'Paula', 'Pimentel Lopez', 'Femenino', 'paula@email.com', 2),
('alejandra', '703042aefd627a8c86c4de140cc80c6e', 'Alejandra', 'Arias Linares', 'Femenino', 'alejandra@email.com', 2),
('marcos', 'c5e3539121c4944f2bbe097b425ee774', 'Marcos', 'Garrido Pozuelo', 'Masculino', 'marcos@email.com', 2),
('juan', 'a94652aa97c7211ba8954dd15a3cf838', 'Juan', 'Perez Gonzalez', 'Masculino', 'juan@email.com', 2),
('trinidad', 'd8097fb73cf3b773eab435013556b539', 'Trinidad', 'Novas Diaz', 'Femenino', 'trinidad@email.com', 2),
('hector', '3ab9071536d62f29aa8b3fd39141f6ad', 'Hector', 'Arteaga Pombo', 'Masculino', 'hector@email.com', 2),
('roberto', 'c1bfc188dba59d2681648aa0e6ca8c8e', 'Roberto', 'Ballesteros Fernandez', 'Masculino', 'roberto@email.com', 2),
('antonia', '4a6f93feab73fbe7b10942a4a4e4b83c', 'Antonia', 'Lorenzo Monserrat', 'Femenino', 'antonia@email.com', 2),
('sebastian', 'c2d628ba98ed491776c9335e988e2e3b', 'Sebastian', 'Pombo Perez', 'Masculino', 'sebastian@email.com', 2),
('nuria', 'cc776813221a1ae893d844b9f1c794b6', 'Nuria', 'Quinteiro Contreras', 'Femenino', 'nuria@email.com', 2),
('francisco', '117735823fadae51db091c7d63e60eb0', 'Francisco', 'Torres Rios', 'Masculino', 'francisco@email.com', 2),
('joel', 'c000ccf225950aac2a082a59ac5e57ff', 'Joel', 'Rodriguez Nieto', 'Masculino', 'joel@email.com', 2),
('yeray', 'ec1b1b2200226ca50017fffbdbdcd7d8', 'Yeray', 'Sala Flores', 'Masculino', 'yeray@email.com', 2),
('adrian', '8c4205ec33d8f6caeaaaa0c10a14138c', 'Adrian', 'Ramos Nunez', 'Masculino', 'adrian@email.com', 2),
('santiago', 'a6f30815a43f38ec6de95b9a9d74da37', 'Santiago', 'Gomez Vidal', 'Masculino', 'santiago@email.com', 2),
('lucas2', 'e611ccc6b99c3e7ce6ecff0aff165212', 'Lucas', 'Mendez Martin', 'Masculino', 'lucas2@email.com', 2),
('ian', 'a71a448d3d8474653e831749b8e71fcc', 'Ian', 'Campos Garrido', 'Masculino', 'ian@email.com', 2),
('arturo', '65deafcf3c1ad1751415736c4cc11f76', 'Arturo', 'Rovira Pena', 'Masculino', 'arturo@email.com', 2),
('rafael', '9135d8523ad3da99d8a4eb83afac13d1', 'Rafael', 'Hidalgo Benitez', 'Masculino', 'rafael@email.com', 2),
('mario', 'de2f15d014d40b93578d255e6221fd60', 'Mario', 'Santos Castillo', 'Masculino', 'mario@email.com', 2),
('nico', '410ec15153a6dff0bed851467309bcbd', 'Nicolas', 'Puig Rodriguez', 'Masculino', 'nico@email.com', 2),
('jesus', '110d46fcd978c24f306cd7fa23464d73', 'Jesus', 'Sanchez Benitez', 'Masculino', 'jesus@email.com', 2),
('miguelan', 'd2dafb9f2189eb24c984839183edcc0f', 'Miguel Angel', 'Castro Santana', 'Masculino', 'miguelan@email.com', 2),
('julian', '338c23e8eafc19ec9236404deac0bef4', 'Julian', 'Benitez Cruzado', 'Masculino', 'julian@email.com', 2),
('sergio', '3bffa4ebdf4874e506c2b12405796aa5', 'Sergio', 'Grande Oltra', 'Masculino', 'sergio@email.com', 2),
('angel', 'f4f068e71e0d87bf0ad51e6214ab84e9', 'Angel', 'Barbera Revilla', 'Masculino', 'angel@email.com', 2),
('nicolas', 'deb97a759ee7b8ba42e02dddf2b412fe', 'Nicolas', 'Rico Santana', 'Masculino', 'nicolas@email.com', 2),
('marc', '97e1e59c0375e0f55c10d4314db20466', 'Marc', 'Puerto Perez', 'Masculino', 'marc@email.com', 2),
('laura', '680e89809965ec41e64dc7e447f175ab', 'Laura', 'Gomez torres', 'Femenino', 'laura@email.com', 2),
('camila', 'f5ffc847c2072ffb5fda82edd30bc19f', 'Camila', 'Arias Linares', 'Femenino', 'camila@email.com', 2),
('camilo', '0aa0b6b3207f0b3839381db1962574a2', 'Camilo', 'Lorenzo Flores', 'Masculino', 'camilo@email.com', 2),
('iria', 'b24878685a28ca723ac807ac94664fcf', 'Domingo', 'Diaz Puerto', 'Femenino', 'iria@email.com', 2),
('estela', 'b95055ae09cf2d62b7e5e4d9c7b9b1da', 'Estela', 'Novoa Garcia', 'Femenino', 'estela@email.com', 2),
('Juan99', 'a94652aa97c7211ba8954dd15a3cf838', 'Juan', 'Martinez', 'Masculino', 'juanma@email.com', 2),
('Mariju', 'cbc19b07662418d5f14cc55657295924', 'Maria', 'Jurado Ramirez', 'Femenino', 'mariju@email.com', 2),
('nerea', '2c3d27e49a23fb4bc49b515ae6e1548c', 'Nerea', 'Gonzalez Perez', 'Femenino', 'nerea@email.com', 2),
('lorena', '62a90ccff3fd73694bf6281bb234b09a', 'Lorena', 'Gomez Castillo', 'Femenino', 'lorena@email.com', 2),
('arancha', 'fc3a63d36e020730761b05adc3a62868', 'Arancha', 'Jurado Diaz', 'Femenino', 'arancha@email.com', 2),
('may', '9a4b6f884971dcb4a5172876b335baab', 'May', 'Pena Costas', 'Femenino', 'may@email.com', 2),
('lourdes', '9618df17a1d242eed1275efef4bd6681', 'Lourdes', 'Perez Ramirez', 'Femenino', 'lourdes@email.com', 2),
('didi', 'c19c8f9b6caad92726f88434d1493ad5', 'Diana', 'Sanchez Martinez', 'Femenino', 'didi@gmail.com', 2),
('lola', 'fceeb9b9d469401fe558062c4bd25954', 'Lola', 'Fernandez Lopez', 'Femenino', 'lola@email.com', 2),
('loli', '0fd06c7ae501e59de591a8d45c47cd38', 'Loli', 'Lorezo Marquez', 'Femenino', 'loli@email.com', 2),
('paz', 'e003268a052a053ee5ec481e2a097648', 'Paz', 'Alvarez Baz', 'Femenino', 'paz@email.com', 2),
('ainoa', 'c1f39e313042897b0dee16aacf77117d', 'Ainoa', 'Lorenzo Baz', 'Femenino', 'ainoa@email.com', 2),
('carme', 'eade27c701ff512ccfbbdd7833ef8e6a', 'Carme', 'Baz Fernandez', 'Femenino', 'carme@email.com', 2);


-- INSERT EN TABLA PISTA
INSERT INTO PISTA (nombre, tipo) VALUES
('Pista 1', 'Descubierta - Cesped artificial'),
('Pista 2', 'Cubierta - Resina sintetica'),
('Pista 3', 'Descubierta - Cesped artificial'),
('Pista 4', 'Cubierta - Resina sintetica'),
('Pista 5', 'Descubierta - Hormigon poroso'),
('Pista 6', 'Cubierta - Resina sintetica');


-- INSERTS EN TABLA HORARIO
INSERT INTO HORARIO (id, hora_inicio, hora_fin) VALUES  (1, '9:00', '10:30'),
                                                        (2, '10:30', '12:00'),
                                                        (3, '12:00', '13:30'),
                                                        (4, '13:30', '15:00'),
                                                        (5, '15:00', '16:30'),
                                                        (6, '16:30', '18:00'),
                                                        (7, '18:00', '19:30'),
                                                      	(8, '19:30', '20:00'),
														(9, '21:00', '22:30');

-- INSERTS EN TABLA CATEGORIA
INSERT INTO CATEGORIA (id, nivel, genero) VALUES  (1, 1, "Masculino"),
                                                  (2, 2, "Masculino"),
                                                  (3, 3, "Masculino"),
                                                  (4, 1, "Femenino"),
                                                  (5, 2, "Femenino"),
                                                  (6, 3, "Femenino"),
                                                  (7, 1, "Mixto"),
                                                  (8, 2, "Mixto"),
                                                  (9, 3, "Mixto");


-- INSERTS EN TABLA CAMPEONATO
INSERT INTO CAMPEONATO(id, nombre, fecha, USUARIO_admin_login) VALUES
(1, 'Campeonato Sur', '2020-01-19', 'admin'),
(2, 'Campeonato de Invierno', '2020-01-24', 'admin'),
(3, 'Campeonato Autonomico', '2020-02-11', 'admin');


-- INSERTS EN TABLA PAREJA
INSERT INTO PAREJA (id, capitan, jugador_2) VALUES 
(1, 'pepe', 'adrian'),
(2, 'adrian', 'roberto'),
(3, 'carlos', 'adrian'),
(4, 'carlos', 'agustin'),
(5, 'maria', 'alejandra'),
(6, 'jose', 'agustin'),
(7, 'jose', 'angel'),
(8, 'pepe', 'alicia'),
(9, 'jose', 'alicia'),
(10, 'agustin', 'alicia'),
(11, 'agustin', 'arancha'),
(12, 'carmen', 'alicia'),
(13, 'felix', 'arturo'),
(14, 'felix', 'antonia'),
(15, 'alfonso', 'camilo'),
(16, 'alfonso', 'camila'),
(17, 'alicia', 'adrian'),
(18, 'jaime', 'camilo'),
(19, 'jaime', 'carlos'),
(20, 'rocio', 'camilo'),
(21, 'rocio', 'camila'),
(22, 'miguel', 'jesus'),
(23, 'miguel', 'hector'),
(24, 'lorenzo', 'carlos'),
(25, 'lorenzo', 'carmen'),
(26, 'lorenzo', 'estela'),
(27, 'lorenzo', 'felix'),
(28, 'guillermo', 'carlos'),
(29, 'guillermo', 'carmen'),
(30, 'guillermo', 'estela'),
(31, 'guillermo', 'felix'),
(32, 'guillermo', 'francisco'),
(33, 'paula', 'estela'),
(34, 'paula', 'alejandra'),
(35, 'paula', 'alicia'),
(36, 'paula', 'angel'),
(37, 'paula', 'antonia'),
(38, 'alejandra', 'alfonso'),
(39, 'alejandra', 'alicia'),
(40, 'alejandra', 'angel'),
(41, 'alejandra', 'antonia'),
(42, 'alejandra', 'arancha'),
(43, 'alejandra', 'arturo'),
(44, 'alejandra', 'camila'),
(45, 'alejandra', 'camilo'),
(46, 'alejandra', 'carlos'),
(47, 'alejandra', 'carmen'),
(48, 'alejandra', 'estela'),
(49, 'alejandra', 'felix'),
(50, 'alejandra', 'ian'),
(51, 'paula', 'alfonso'),
(52, 'paula', 'ian'),
(53, 'paula', 'adrian'),
(54, 'paula', 'agustin'),
(55, 'paula', 'arancha'),
(56, 'paula', 'arturo'),
(57, 'paula', 'camila'),
(58, 'paula', 'camilo'),
(59, 'paula', 'carlos'),
(60, 'paula', 'carmen'),
(61, 'paula', 'felix'),
(62, 'paula', 'francisco'),
(63, 'paula', 'guillermo'),
(64, 'paula', 'hector'),
(65, 'alejandra', 'francisco'),
(66, 'alejandra', 'julian'),
(67, 'alejandra', 'iria'),
(68, 'marcos', 'angel'),
(69, 'marcos', 'arancha'),
(70, 'marcos', 'arturo'),
(71, 'marcos', 'ian'),
(72, 'marcos', 'hector'),
(73, 'marcos', 'iria'),
(74, 'trinidad', 'ian'),
(75, 'trinidad', 'iria'),
(76, 'trinidad', 'arturo'),
(77, 'juan', 'arturo'),
(78, 'juan', 'ian'),
(79, 'juan', 'jaime'),
(80, 'hector', 'jaime'),
(81, 'hector', 'jesus'),
(82, 'roberto', 'jesus'),
(83, 'roberto', 'joel'),
(84, 'roberto', 'iria'),
(85, 'roberto', 'hector'),
(86, 'roberto', 'jaime'),
(87, 'roberto', 'jose'),
(88, 'roberto', 'Juan99'),
(89, 'antonia', 'Juan99'),
(90, 'sebastian', 'Juan99'),
(91, 'sebastian', 'iria'),
(92, 'sebastian', 'estela'),
(93, 'sebastian', 'jesus'),
(94, 'sebastian', 'joel'),
(95, 'sebastian', 'jose'),
(96, 'sebastian', 'juan'),
(97, 'sebastian', 'julian'),
(98, 'nuria', 'joel'),
(99, 'nuria', 'jose'),
(100, 'nuria', 'juan'),
(101, 'nuria', 'Juan99'),
(102, 'nuria', 'alejandra'),
(103, 'nuria', 'antonia'),
(104, 'nuria', 'arancha'),
(105, 'nuria', 'santiago'),
(106, 'nuria', 'julian'),
(107, 'nuria', 'nico'),
(108, 'francisco', 'joel'),
(109, 'francisco', 'jose'),
(110, 'francisco', 'juan'),
(111, 'francisco', 'Juan99'),
(112, 'francisco', 'julian'),
(113, 'francisco', 'laura'),
(114, 'francisco', 'lorenzo'),
(115, 'joel', 'lorenzo'),
(116, 'joel', 'laura'),
(117, 'yeray', 'julian'),
(118, 'yeray', 'laura'),
(119, 'yeray', 'lucas2'),
(120, 'santiago', 'lucas2'),
(121, 'santiago', 'laura'),
(122, 'santiago', 'lorenzo'),
(123, 'santiago', 'lucas'),
(124, 'santiago', 'lorena'),
(125, 'lucas2', 'julian'),
(126, 'lucas2', 'laura'),
(127, 'lucas2', 'lorena'),
(128, 'lucas2', 'lorenzo'),
(129, 'lucas2', 'lucas'),
(130, 'lucas2', 'lucia'),
(131, 'lucas2', 'marc'),
(132, 'ian', 'marc'),
(133, 'rafael', 'marc'),
(134, 'rafael', 'laura'),
(135, 'rafael', 'lorena'),
(136, 'laura', 'lorena'),
(137, 'mario', 'marcos'),
(138, 'mario', 'lucia'),
(139, 'rafael', 'mario'),
(140, 'mario', 'Mariju'),
(141, 'Mariju', 'iria'),
(142, 'Mariju', 'laura'),
(143, 'Mariju', 'lorena'),
(144, 'Mariju', 'lucia'),
(145, 'Mariju', 'lucas2'),
(146, 'Mariju', 'marc'),
(147, 'Mariju', 'marcos'),
(148, 'Mariju', 'maria'),
(149, 'Mariju', 'may'),
(150, 'nico', 'mario'),
(151, 'nico', 'may'),
(152, 'nico', 'miguel'),
(153, 'miguelan', 'miguel'),
(154, 'nico', 'miguelan'),
(155, 'miguelan', 'sebastian'),
(156, 'miguelan', 'santiago'),
(157, 'miguelan', 'rocio'),
(158, 'miguelan', 'sergio'),
(159, 'paula', 'may'),
(160, 'paula', 'nerea'),
(161, 'paula', 'nuria'),
(162, 'nuria', 'rocio'),
(163, 'rocio', 'sara'),
(164, 'sara', 'alicia'),
(165, 'sara', 'camila'),
(166, 'sara', 'carmen'),
(167, 'sara', 'estela'),
(168, 'sara', 'iria'),
(169, 'sara', 'laura'),
(170, 'sara', 'lorena'),
(171, 'sara', 'maria'),
(172, 'sara', 'lucia'),
(173, 'sara', 'trinidad'),
(174, 'sara', 'nuria'),
(175, 'sara', 'nerea'),
(176, 'lola', 'loli'),
(177, 'lola', 'ainoa'),
(178, 'lola', 'carme'),
(179, 'lola', 'sergio'),
(180, 'lola', 'paz'),
(181, 'loli', 'didi'),
(182, 'loli', 'carme'),
(183, 'carme', 'ainoa'),
(184, 'paz', 'ainoa'),
(185, 'lourdes', 'didi'),
(186, 'didi', 'paz'),
(187, 'didi', 'sara'),
(188, 'didi', 'Mariju'),
(189, 'didi', 'Juan99'),
(190, 'didi', 'may'),
(191, 'maria', 'ainoa'),
(192, 'maria', 'alicia'),
(193, 'lucia', 'ainoa'),
(194, 'maria', 'antonia'),
(195, 'lucia', 'alejandra'),
(196, 'lucia', 'alicia'),
(197, 'lucia', 'antonia'),
(198, 'sara', 'ainoa'),
(199, 'sara', 'alejandra'),
(200, 'sara', 'antonia'),
(201, 'carmen', 'ainoa'),
(202, 'carmen', 'antonia'),
(203, 'carmen', 'arancha'),
(204, 'alicia', 'ainoa'),
(205, 'alicia', 'antonia'),
(206, 'rocio', 'antonia'),
(207, 'rocio', 'arancha'),
(208, 'carmen', 'camila'),
(209, 'carmen', 'carme'),
(210, 'alicia', 'camila'),
(211, 'rocio', 'carme'),
(212, 'rocio', 'laura'),
(213, 'paula', 'carme'),
(214, 'alejandra', 'carme'),
(215, 'trinidad', 'antonia'),
(216, 'trinidad', 'arancha'),
(217, 'trinidad', 'camila'),
(218, 'trinidad', 'carme'),
(219, 'trinidad', 'carmen'),
(220, 'trinidad', 'estela'),
(221, 'antonia', 'arancha'),
(222, 'antonia', 'camila'),
(223, 'antonia', 'carme'),
(224, 'antonia', 'estela'),
(225, 'antonia', 'iria'),
(226, 'antonia', 'laura'),
(227, 'antonia', 'lola'),
(228, 'antonia', 'lorena'),
(229, 'nuria', 'carme'),
(230, 'nuria', 'carmen'),
(231, 'nuria', 'estela'),
(232, 'nuria', 'iria'),
(233, 'laura', 'arancha'),
(234, 'laura', 'camila'),
(235, 'laura', 'carme'),
(236, 'laura', 'carmen'),
(237, 'laura', 'estela'),
(238, 'nuria', 'laura'),
(239, 'nuria', 'lola'),
(240, 'laura', 'iria'),
(241, 'iria', 'estela'),
(242, 'iria', 'lola'),
(243, 'iria', 'loli'),
(244, 'iria', 'lorena'),
(245, 'Mariju', 'camila'),
(246, 'Mariju', 'carme'),
(247, 'Mariju', 'estela'),
(248, 'Mariju', 'lola'),
(249, 'Mariju', 'loli'),
(250, 'nerea', 'lola'),
(251, 'maria', 'loli'),
(252, 'maria', 'lorena'),
(253, 'maria', 'lucia'),
(254, 'maria', 'may'),
(255, 'nerea', 'lorena'),
(256, 'nerea', 'maria'),
(257, 'nerea', 'loli'),
(258, 'arancha', 'loli'),
(259, 'arancha', 'lourdes'),
(260, 'arancha', 'may'),
(261, 'paz', 'may'),
(262, 'paz', 'lorena'),
(263, 'ainoa', 'rocio'),
(264, 'ainoa', 'nuria'),
(265, 'ainoa', 'lourdes'),
(266, 'carme', 'lourdes'),
(267, 'carlos', 'alfonso'),
(268, 'lucas', 'alfonso'),
(269, 'jose', 'alfonso'),
(270, 'lucas', 'angel'),
(271, 'lucas', 'carlos'),
(272, 'agustin', 'arturo'),
(273, 'felix', 'angel'),
(274, 'felix', 'camilo'),
(275, 'miguel', 'arturo'),
(276, 'juan', 'hector'),
(277, 'guillermo', 'jaime'),
(278, 'roberto', 'francisco'),
(279, 'hector', 'julian'),
(280, 'joel', 'julian'),
(281, 'yeray', 'Juan99'),
(282, 'adrian', 'Juan99'),
(283, 'adrian', 'lorenzo'),
(284, 'yeray', 'jose'),
(285, 'marc', 'roberto'),
(286, 'angel', 'rafael'),
(287, 'marc', 'sebastian'),
(288, 'camilo', 'nico'),
(289, 'nicolas', 'joel'),
(290, 'sergio', 'jesus'),
(291, 'lucas2', 'juan'),
(292, 'nico', 'felix'),
(293, 'rafael', 'julian'),
(294, 'marcos', 'jaime');



-- INSERTS EN TABLA RESERVA
INSERT INTO RESERVA (`id`, `fecha`, `USUARIO_login`, `HORARIO_id`, `PISTA_nombre`) VALUES
(186, '2020-01-13', 'admin', 2, 'Pista 5'),
(142, '2020-01-21', 'admin', 2, 'Pista 3'),
(130, '2020-01-19', 'admin', 2, 'Pista 3'),
(129, '2020-01-19', 'admin', 2, 'Pista 2'),
(184, '2020-01-28', 'admin', 2, 'Pista 3'),
(183, '2020-01-28', 'admin', 2, 'Pista 2'),
(182, '2020-01-28', 'admin', 2, 'Pista 1'),
(181, '2020-01-27', 'admin', 2, 'Pista 6'),
(180, '2020-01-27', 'admin', 2, 'Pista 5'),
(179, '2020-01-27', 'admin', 2, 'Pista 4'),
(178, '2020-01-27', 'admin', 2, 'Pista 3'),
(177, '2020-01-27', 'admin', 2, 'Pista 2'),
(176, '2020-01-27', 'admin', 2, 'Pista 1'),
(175, '2020-01-26', 'admin', 2, 'Pista 6'),
(174, '2020-01-26', 'admin', 2, 'Pista 5'),
(173, '2020-01-26', 'admin', 2, 'Pista 4'),
(172, '2020-01-26', 'admin', 2, 'Pista 3'),
(171, '2020-01-26', 'admin', 2, 'Pista 2'),
(170, '2020-01-26', 'admin', 2, 'Pista 1'),
(169, '2020-01-25', 'admin', 2, 'Pista 6'),
(168, '2020-01-25', 'admin', 2, 'Pista 5'),
(167, '2020-01-25', 'admin', 2, 'Pista 4'),
(166, '2020-01-25', 'admin', 2, 'Pista 3'),
(165, '2020-01-25', 'admin', 2, 'Pista 2'),
(164, '2020-01-25', 'admin', 2, 'Pista 1'),
(163, '2020-01-24', 'admin', 2, 'Pista 6'),
(162, '2020-01-24', 'admin', 2, 'Pista 5'),
(161, '2020-01-24', 'admin', 2, 'Pista 4'),
(160, '2020-01-24', 'admin', 2, 'Pista 3'),
(159, '2020-01-24', 'admin', 2, 'Pista 2'),
(158, '2020-01-24', 'admin', 2, 'Pista 1'),
(157, '2020-01-23', 'admin', 2, 'Pista 6'),
(156, '2020-01-23', 'admin', 2, 'Pista 5'),
(155, '2020-01-23', 'admin', 2, 'Pista 4'),
(154, '2020-01-23', 'admin', 2, 'Pista 3'),
(153, '2020-01-23', 'admin', 2, 'Pista 2'),
(152, '2020-01-23', 'admin', 2, 'Pista 1'),
(151, '2020-01-22', 'admin', 2, 'Pista 6'),
(150, '2020-01-22', 'admin', 2, 'Pista 5'),
(149, '2020-01-22', 'admin', 2, 'Pista 4'),
(148, '2020-01-22', 'admin', 2, 'Pista 3'),
(147, '2020-01-22', 'admin', 2, 'Pista 2'),
(146, '2020-01-22', 'admin', 2, 'Pista 1'),
(145, '2020-01-21', 'admin', 2, 'Pista 6'),
(144, '2020-01-21', 'admin', 2, 'Pista 5'),
(143, '2020-01-21', 'admin', 2, 'Pista 4'),
(135, '2020-01-20', 'admin', 2, 'Pista 2'),
(141, '2020-01-21', 'admin', 2, 'Pista 2'),
(140, '2020-01-21', 'admin', 2, 'Pista 1'),
(139, '2020-01-20', 'admin', 2, 'Pista 6'),
(138, '2020-01-20', 'admin', 2, 'Pista 5'),
(137, '2020-01-20', 'admin', 2, 'Pista 4'),
(136, '2020-01-20', 'admin', 2, 'Pista 3'),
(128, '2020-01-19', 'admin', 2, 'Pista 1'),
(134, '2020-01-20', 'admin', 2, 'Pista 1'),
(133, '2020-01-19', 'admin', 2, 'Pista 6'),
(132, '2020-01-19', 'admin', 2, 'Pista 5'),
(131, '2020-01-19', 'admin', 2, 'Pista 4'),
(185, '2020-01-28', 'admin', 2, 'Pista 4'),
(187, '2020-01-28', 'admin', 2, 'Pista 6'),
(188, '2020-01-06', 'admin', 4, 'Pista 2'),
(189, '2020-01-05', 'admin', 5, 'Pista 1'),
(190, '2020-01-06', 'admin', 5, 'Pista 3'),
(191, '2020-01-04', 'admin', 8, 'Pista 1'),
(192, '2020-01-08', 'admin', 7, 'Pista 1'),
(193, '2020-01-01', 'admin', 1, 'Pista 1'),
(194, '2020-01-02', 'admin', 1, 'Pista 1'),
(195, '2020-01-06', 'admin', 4, 'Pista 1'),
(196, '2020-01-06', 'admin', 6, 'Pista 1'),
(197, '2020-01-25', 'pepe', 4, 'Pista 1'),
(198, '2020-01-25', 'pepe', 5, 'Pista 3'),
(200, '2020-01-24', 'pepe', 8, 'Pista 1'),
(201, '2020-01-25', 'admin', 8, 'Pista 1'),
(202, '2020-01-25', 'admin', 8, 'Pista 2'),
(203, '2020-01-25', 'admin', 8, 'Pista 3'),
(204, '2020-01-25', 'admin', 8, 'Pista 4'),
(205, '2020-01-25', 'admin', 8, 'Pista 5'),
(206, '2020-01-03', 'admin', 7, 'Pista 5'),
(207, '2020-01-02', 'admin', 4, 'Pista 1'),
(208, '2020-01-02', 'admin', 6, 'Pista 1'),
(209, '2020-01-07', 'admin', 6, 'Pista 2'),
(210, '2020-01-04', 'admin', 6, 'Pista 4'),
(211, '2020-01-09', 'admin', 4, 'Pista 1'),
(212, '2020-01-09', 'admin', 3, 'Pista 1'),
(213, '2020-01-29', 'admin', 2, 'Pista 1'),
(214, '2020-01-29', 'admin', 2, 'Pista 2'),
(215, '2020-01-29', 'admin', 2, 'Pista 3'),
(216, '2020-01-29', 'admin', 2, 'Pista 4'),
(217, '2020-01-29', 'admin', 2, 'Pista 5'),
(218, '2020-01-29', 'admin', 2, 'Pista 6'),
(219, '2020-01-30', 'admin', 2, 'Pista 1'),
(220, '2020-01-30', 'admin', 2, 'Pista 2'),
(221, '2020-01-30', 'admin', 2, 'Pista 3'),
(222, '2020-01-30', 'admin', 2, 'Pista 4'),
(223, '2020-01-30', 'admin', 2, 'Pista 5'),
(224, '2020-01-30', 'admin', 2, 'Pista 6'),
(225, '2020-01-31', 'admin', 2, 'Pista 1'),
(226, '2020-01-31', 'admin', 2, 'Pista 2'),
(227, '2020-01-31', 'admin', 2, 'Pista 3'),
(228, '2020-01-31', 'admin', 2, 'Pista 4'),
(229, '2020-01-31', 'admin', 2, 'Pista 5'),
(230, '2020-01-31', 'admin', 2, 'Pista 6'),
(231, '2020-01-14', 'admin', 1, 'Pista 1'),
(232, '2020-01-28', 'admin', 2, 'Pista 5'),
(233, '2020-01-14', 'admin', 3, 'Pista 1'),
(234, '2020-01-15', 'admin', 4, 'Pista 1'),
(235, '2020-01-20', 'admin', 4, 'Pista 1'),
(236, '2005-06-11', 'santiago', 3, 'Pista 1'),
(237, '2020-02-01', 'admin', 2, 'Pista 1'),
(238, '2020-02-01', 'admin', 2, 'Pista 2'),
(239, '2020-02-01', 'admin', 2, 'Pista 3'),
(240, '2020-02-01', 'admin', 2, 'Pista 4'),
(241, '2020-02-01', 'admin', 2, 'Pista 5'),
(242, '2020-02-01', 'admin', 2, 'Pista 6'),
(243, '2020-01-24', 'admin', 9, 'Pista 2'),
(244, '2020-01-24', 'admin', 9, 'Pista 1'),
(245, '2020-01-25', 'admin', 1, 'Pista 1'),
(246, '2020-01-25', 'admin', 1, 'Pista 2'),
(247, '2020-01-23', 'admin', 9, 'Pista 6');

-- INSERTS EN TABLA PARTIDO
INSERT INTO PARTIDO(`id`, `fecha`, `inscritos`, `HORARIO_id`, `RESERVA_id`, `USUARIO_login`) VALUES
(1, '2020-01-20', 0, 5, NULL, 'admin'),
(2, '2020-01-29', 4, 3, 236, 'admin'),
(3, '2020-01-24', 0, 7, NULL, 'admin'),
(4, '2020-01-25', 1, 6, NULL, 'admin'),
(5, '2020-01-25', 0, 3, NULL, 'admin');

-- INSERTS EN TABLA USUARIO_PARTIDO
INSERT INTO USUARIO_PARTIDO (`USUARIO_login`, `PARTIDO_id`) VALUES
('santiago', 2),
('sara', 2),
('sergio', 2),
('yeray', 2);

-- INSERTS EN TABLA GRUPO
INSERT INTO GRUPO (`id`, `nombre`, `CAMPEONATO_id`, `CATEGORIA_id`) VALUES
(1, '1', 1, 2),
(2, '2', 1, 2),
(3, '1', 1, 3),
(4, '2', 1, 3),
(5, '1', 1, 5),
(6, '1', 1, 6),
(7, '1', 1, 8),
(8, '2', 1, 8),
(9, '3', 1, 8),
(10, '1', 1, 9),
(11, '2', 1, 9),
(12, '3', 1, 9);


-- INSERTS EN TABLA INSCRIPCION
INSERT INTO INSCRIPCION (`id`, `fecha`, `PAREJA_id`, `CATEGORIA_CAMPEONATO_id`, `GRUPO_id`) VALUES
(1, '2020-01-19', 1, 1, 1),
(2, '2020-01-19', 1, 2, 3),
(3, '2020-01-19', 1, 5, 8),
(4, '2020-01-19', 1, 6, 11),
(5, '2020-01-19', 4, 1, 2),
(6, '2020-01-19', 4, 2, 4),
(7, '2020-01-19', 4, 5, 8),
(8, '2020-01-19', 5, 3, 5),
(9, '2020-01-19', 5, 6, 11),
(10, '2020-01-19', 5, 5, 9),
(11, '2020-01-19', 5, 4, 6),
(12, '2020-01-19', 6, 6, 12),
(13, '2020-01-19', 7, 1, 2),
(14, '2020-01-19', 9, 5, 8),
(15, '2020-01-19', 7, 2, 4),
(16, '2020-01-19', 12, 3, 5),
(17, '2020-01-19', 12, 4, 6),
(18, '2020-01-19', 12, 6, 11),
(19, '2020-01-19', 13, 1, 2),
(20, '2020-01-19', 14, 5, 7),
(21, '2020-01-19', 14, 6, 10),
(22, '2020-01-19', 15, 1, 1),
(23, '2020-01-19', 15, 2, 4),
(24, '2020-01-19', 16, 5, 7),
(25, '2020-01-19', 16, 6, 10),
(26, '2020-01-19', 18, 5, 8),
(27, '2020-01-19', 19, 6, 11),
(28, '2020-01-19', 20, 6, 11),
(29, '2020-01-19', 21, 3, 5),
(30, '2020-01-19', 21, 4, 6),
(31, '2020-01-19', 22, 1, 1),
(32, '2020-01-19', 22, 2, 3),
(33, '2020-01-19', 22, 5, 8),
(34, '2020-01-19', 23, 6, 12),
(35, '2020-01-19', 25, 5, 9),
(36, '2020-01-19', 26, 6, 12),
(37, '2020-01-19', 27, 2, 3),
(38, '2020-01-19', 30, 5, 9),
(39, '2020-01-19', 32, 1, 1),
(40, '2020-01-19', 32, 2, 3),
(41, '2020-01-19', 32, 6, 12),
(42, '2020-01-19', 33, 3, 5),
(43, '2020-01-19', 36, 5, 9),
(44, '2020-01-19', 37, 4, 6),
(45, '2020-01-19', 36, 6, 10),
(46, '2020-01-19', 69, 5, 7),
(47, '2020-01-19', 70, 2, 3),
(48, '2020-01-19', 69, 6, 10),
(49, '2020-01-19', 71, 1, 1),
(50, '2020-01-19', 74, 5, 7),
(51, '2020-01-19', 75, 3, 5),
(52, '2020-01-19', 76, 6, 11),
(53, '2020-01-19', 75, 4, 6),
(54, '2020-01-19', 77, 5, 8),
(55, '2020-01-19', 78, 2, 4),
(56, '2020-01-19', 78, 6, 12),
(57, '2020-01-19', 79, 1, 2),
(58, '2020-01-19', 80, 2, 4),
(59, '2020-01-19', 82, 6, 12),
(60, '2020-01-19', 83, 1, 2),
(61, '2020-01-19', 84, 5, 9),
(62, '2020-01-19', 83, 2, 4),
(63, '2020-01-19', 90, 1, 2),
(64, '2020-01-19', 91, 6, 10),
(65, '2020-01-19', 94, 5, 9),
(66, '2020-01-19', 90, 2, 3),
(67, '2020-01-19', 98, 6, 10),
(68, '2020-01-19', 101, 5, 7),
(69, '2020-01-19', 103, 3, 5),
(70, '2020-01-19', 104, 4, 6),
(71, '2020-01-19', 112, 5, 7),
(72, '2020-01-19', 117, 1, 1),
(73, '2020-01-19', 117, 2, 3),
(74, '2020-01-19', 117, 6, 10),
(75, '2020-01-19', 118, 5, 7),
(76, '2020-01-19', 120, 1, 1),
(77, '2020-01-19', 121, 6, 11),
(78, '2020-01-19', 123, 2, 3),
(79, '2020-01-19', 124, 5, 8),
(80, '2020-01-19', 127, 6, 11),
(81, '2020-01-19', 129, 5, 8),
(82, '2020-01-19', 131, 2, 4),
(83, '2020-01-19', 133, 1, 1),
(84, '2020-01-19', 133, 5, 9),
(85, '2020-01-19', 133, 6, 12),
(86, '2020-01-19', 136, 3, 5),
(87, '2020-01-19', 136, 4, 6),
(88, '2020-01-19', 138, 5, 9),
(89, '2020-01-19', 139, 2, 4),
(90, '2020-01-19', 140, 6, 12),
(91, '2020-01-19', 144, 3, 5),
(92, '2020-01-19', 144, 4, 6),
(93, '2020-01-19', 149, 5, 8),
(94, '2020-01-19', 150, 1, 2),
(95, '2020-01-19', 151, 6, 11),
(96, '2020-01-19', 154, 2, 4),
(97, '2020-01-19', 154, 5, 7),
(98, '2020-01-19', 158, 1, 2),
(99, '2020-01-19', 158, 6, 10),
(100, '2020-01-19', 163, 5, 7),
(101, '2020-01-19', 167, 4, 6),
(102, '2020-01-19', 172, 6, 10),
(103, '2020-01-19', 175, 3, 5),
(104, '2020-01-19', 176, 3, 5),
(105, '2020-01-19', 177, 4, 6),
(106, '2020-01-19', 178, 5, 8),
(107, '2020-01-19', 180, 6, 11),
(108, '2020-01-19', 181, 5, 9),
(109, '2020-01-19', 182, 4, 6),
(110, '2020-01-19', 182, 6, 12),
(111, '2020-01-19', 183, 3, 5),
(112, '2020-01-19', 184, 5, 9),
(113, '2020-01-19', 185, 6, 12),
(114, '2020-01-19', 191, 7, 13),
(115, '2020-01-19', 5, 8, 14),
(116, '2020-01-19', 192, 9, 15),
(117, '2020-01-19', 193, 8, 14),
(118, '2020-01-19', 195, 7, 13),
(119, '2020-01-19', 197, 9, 15),
(120, '2020-01-19', 198, 9, 15),
(121, '2020-01-19', 164, 7, 13),
(122, '2020-01-19', 200, 8, 14),
(123, '2020-01-19', 47, 9, 15),
(124, '2020-01-19', 12, 8, 14),
(125, '2020-01-19', 202, 7, 13),
(126, '2020-01-19', 207, 7, 13),
(127, '2020-01-19', 207, 8, 14),
(128, '2020-01-19', 21, 9, 15),
(129, '2020-01-19', 55, 9, 15),
(130, '2020-01-19', 57, 7, 13),
(131, '2020-01-19', 213, 8, 14),
(132, '2020-01-19', 217, 8, 14),
(133, '2020-01-19', 218, 7, 13),
(134, '2020-01-19', 220, 9, 15),
(135, '2020-01-19', 229, 9, 15),
(136, '2020-01-19', 231, 7, 13),
(137, '2020-01-19', 232, 8, 14),
(138, '2020-01-19', 237, 8, 14),
(139, '2020-01-19', 240, 7, 13),
(140, '2020-01-19', 240, 9, 15),
(141, '2020-01-19', 248, 7, 13),
(142, '2020-01-19', 249, 8, 14),
(143, '2020-01-19', 143, 9, 15),
(144, '2020-01-19', 250, 8, 14),
(145, '2020-01-19', 255, 7, 13),
(146, '2020-01-19', 257, 9, 15),
(147, '2020-01-19', 261, 7, 13),
(148, '2020-01-19', 262, 8, 14),
(149, '2020-01-19', 1, 10, NULL),
(150, '2020-01-19', 1, 11, NULL),
(151, '2020-01-19', 1, 12, NULL),
(152, '2020-01-19', 4, 10, NULL),
(153, '2020-01-19', 267, 11, NULL),
(154, '2020-01-19', 4, 12, NULL),
(155, '2020-01-19', 268, 10, NULL),
(156, '2020-01-19', 269, 12, NULL),
(157, '2020-01-19', 270, 11, NULL),
(158, '2020-01-19', 272, 11, NULL),
(159, '2020-01-19', 273, 10, NULL),
(160, '2020-01-19', 274, 11, NULL),
(161, '2020-01-19', 13, 12, NULL),
(162, '2020-01-19', 275, 10, NULL),
(163, '2020-01-19', 276, 10, NULL),
(164, '2020-01-19', 32, 11, NULL),
(165, '2020-01-19', 277, 10, NULL),
(166, '2020-01-19', 278, 10, NULL),
(167, '2020-01-19', 81, 11, NULL),
(168, '2020-01-19', 276, 12, NULL),
(169, '2020-01-19', 112, 12, NULL),
(170, '2020-01-19', 280, 10, NULL),
(171, '2020-01-19', 281, 10, NULL),
(172, '2020-01-19', 284, 11, NULL),
(173, '2020-01-19', 285, 11, NULL),
(174, '2020-01-19', 286, 12, NULL),
(175, '2020-01-19', 287, 10, NULL),
(176, '2020-01-19', 288, 10, NULL),
(177, '2020-01-19', 289, 11, NULL),
(178, '2020-01-19', 290, 10, NULL),
(179, '2020-01-19', 291, 11, NULL),
(180, '2020-01-19', 293, 11, NULL),
(181, '2020-01-19', 294, 12, NULL);



-- INSERTS EN TABLA ENFRENTAMIENTO
INSERT INTO ENFRENTAMIENTO (`id`, `resultado`, `PAREJA_1`, `PAREJA_2`, `GRUPO_id`, `RESERVA_id`) VALUES
(1, NULL, 1, 15, 1, 61),
(2, NULL, 1, 22, 1, 62),
(3, NULL, 1, 32, 1, 127),
(4, '6-0, 7-6, -', 1, 71, 1, 188),
(5, NULL, 1, 117, 1, 123),
(6, '6-3, 4-6, 7-6', 1, 120, 1, 191),
(7, '2-6, 4-6, -', 1, 133, 1, 189),
(8, NULL, 15, 22, 1, NULL),
(9, NULL, 15, 32, 1, NULL),
(10, NULL, 15, 71, 1, NULL),
(11, NULL, 15, 117, 1, NULL),
(12, NULL, 15, 120, 1, NULL),
(13, NULL, 15, 133, 1, NULL),
(14, NULL, 22, 32, 1, NULL),
(15, NULL, 22, 71, 1, NULL),
(16, NULL, 22, 117, 1, NULL),
(17, NULL, 22, 120, 1, NULL),
(18, NULL, 22, 133, 1, NULL),
(19, NULL, 32, 71, 1, NULL),
(20, '6-3, 7-6, -', 32, 117, 1, 195),
(21, NULL, 32, 120, 1, 192),
(22, NULL, 32, 133, 1, NULL),
(23, NULL, 71, 117, 1, NULL),
(24, NULL, 71, 120, 1, NULL),
(25, '2-6, 7-6, 4-6', 71, 133, 1, 190),
(26, NULL, 117, 120, 1, 231),
(27, NULL, 117, 133, 1, 233),
(28, NULL, 120, 133, 1, NULL),
(29, NULL, 4, 7, 2, NULL),
(30, NULL, 4, 13, 2, NULL),
(31, NULL, 4, 79, 2, NULL),
(32, NULL, 4, 83, 2, NULL),
(33, NULL, 4, 90, 2, NULL),
(34, NULL, 4, 150, 2, NULL),
(35, NULL, 4, 158, 2, NULL),
(36, NULL, 7, 13, 2, NULL),
(37, NULL, 7, 79, 2, NULL),
(38, NULL, 7, 83, 2, NULL),
(39, NULL, 7, 90, 2, NULL),
(40, NULL, 7, 150, 2, NULL),
(41, NULL, 7, 158, 2, NULL),
(42, NULL, 13, 79, 2, NULL),
(43, NULL, 13, 83, 2, NULL),
(44, NULL, 13, 90, 2, NULL),
(45, NULL, 13, 150, 2, NULL),
(46, NULL, 13, 158, 2, NULL),
(47, NULL, 79, 83, 2, NULL),
(48, NULL, 79, 90, 2, NULL),
(49, NULL, 79, 150, 2, NULL),
(50, NULL, 79, 158, 2, NULL),
(51, NULL, 83, 90, 2, NULL),
(52, NULL, 83, 150, 2, NULL),
(53, NULL, 83, 158, 2, NULL),
(54, NULL, 90, 150, 2, NULL),
(55, NULL, 90, 158, 2, NULL),
(56, NULL, 150, 158, 2, NULL),
(57, '7-6, 7-6, -', 1, 27, 3, 207),
(58, NULL, 1, 70, 3, 125),
(59, '6-0, 6-0, -', 1, 90, 3, 193),
(60, NULL, 1, 123, 3, 124),
(61, NULL, 22, 1, 3, 234),
(62, NULL, 22, 27, 3, NULL),
(63, NULL, 22, 70, 3, NULL),
(64, NULL, 22, 90, 3, NULL),
(65, NULL, 22, 123, 3, NULL),
(66, NULL, 27, 32, 3, NULL),
(67, NULL, 27, 70, 3, NULL),
(68, NULL, 27, 90, 3, NULL),
(69, NULL, 27, 117, 3, NULL),
(70, NULL, 27, 123, 3, NULL),
(71, NULL, 32, 1, 3, 235),
(72, NULL, 32, 22, 3, NULL),
(73, NULL, 32, 70, 3, NULL),
(74, NULL, 32, 90, 3, 194),
(75, NULL, 32, 123, 3, NULL),
(76, NULL, 70, 90, 3, NULL),
(77, NULL, 70, 117, 3, NULL),
(78, NULL, 70, 123, 3, NULL),
(79, '6-0, 0-6, 6-0', 90, 117, 3, 196),
(80, NULL, 90, 123, 3, NULL),
(81, NULL, 117, 1, 3, NULL),
(82, NULL, 117, 22, 3, NULL),
(83, NULL, 117, 32, 3, NULL),
(84, NULL, 117, 123, 3, NULL),
(85, NULL, 4, 15, 4, NULL),
(86, NULL, 4, 78, 4, NULL),
(87, NULL, 4, 80, 4, NULL),
(88, NULL, 4, 131, 4, NULL),
(89, NULL, 4, 139, 4, NULL),
(90, NULL, 4, 154, 4, NULL),
(91, NULL, 7, 4, 4, NULL),
(92, NULL, 7, 15, 4, NULL),
(93, NULL, 7, 78, 4, NULL),
(94, NULL, 7, 80, 4, NULL),
(95, NULL, 7, 131, 4, NULL),
(96, NULL, 7, 139, 4, NULL),
(97, NULL, 7, 154, 4, NULL),
(98, NULL, 15, 78, 4, NULL),
(99, NULL, 15, 80, 4, NULL),
(100, NULL, 15, 83, 4, NULL),
(101, NULL, 15, 131, 4, NULL),
(102, NULL, 15, 139, 4, NULL),
(103, NULL, 15, 154, 4, NULL),
(104, NULL, 78, 80, 4, NULL),
(105, NULL, 78, 83, 4, NULL),
(106, NULL, 78, 131, 4, NULL),
(107, NULL, 78, 139, 4, NULL),
(108, NULL, 78, 154, 4, NULL),
(109, NULL, 80, 83, 4, NULL),
(110, NULL, 80, 131, 4, NULL),
(111, NULL, 80, 139, 4, NULL),
(112, NULL, 80, 154, 4, NULL),
(113, NULL, 83, 4, 4, NULL),
(114, NULL, 83, 7, 4, NULL),
(115, NULL, 83, 131, 4, NULL),
(116, NULL, 83, 139, 4, NULL),
(117, NULL, 83, 154, 4, NULL),
(118, NULL, 131, 139, 4, NULL),
(119, NULL, 131, 154, 4, NULL),
(120, NULL, 139, 154, 4, NULL),
(121, NULL, 5, 12, 5, NULL),
(122, NULL, 5, 21, 5, NULL),
(123, NULL, 5, 33, 5, NULL),
(124, NULL, 5, 75, 5, NULL),
(125, NULL, 5, 103, 5, NULL),
(126, NULL, 5, 136, 5, NULL),
(127, NULL, 5, 144, 5, NULL),
(128, NULL, 5, 175, 5, NULL),
(129, NULL, 5, 176, 5, NULL),
(130, NULL, 5, 183, 5, NULL),
(131, NULL, 12, 21, 5, NULL),
(132, NULL, 12, 33, 5, NULL),
(133, NULL, 12, 75, 5, NULL),
(134, NULL, 12, 103, 5, NULL),
(135, NULL, 12, 136, 5, NULL),
(136, NULL, 12, 144, 5, NULL),
(137, NULL, 12, 175, 5, NULL),
(138, NULL, 12, 176, 5, NULL),
(139, NULL, 12, 183, 5, NULL),
(140, NULL, 21, 33, 5, NULL),
(141, NULL, 21, 75, 5, NULL),
(142, NULL, 21, 103, 5, NULL),
(143, NULL, 21, 136, 5, 212),
(144, NULL, 21, 144, 5, NULL),
(145, NULL, 21, 175, 5, NULL),
(146, NULL, 21, 176, 5, 210),
(147, NULL, 21, 183, 5, NULL),
(148, NULL, 33, 75, 5, NULL),
(149, NULL, 33, 103, 5, NULL),
(150, NULL, 33, 136, 5, NULL),
(151, NULL, 33, 144, 5, NULL),
(152, NULL, 33, 175, 5, NULL),
(153, NULL, 33, 176, 5, NULL),
(154, NULL, 33, 183, 5, NULL),
(155, NULL, 75, 103, 5, NULL),
(156, NULL, 75, 136, 5, NULL),
(157, NULL, 75, 144, 5, NULL),
(158, NULL, 75, 175, 5, NULL),
(159, NULL, 75, 176, 5, NULL),
(160, NULL, 75, 183, 5, NULL),
(161, NULL, 103, 136, 5, NULL),
(162, NULL, 103, 144, 5, NULL),
(163, NULL, 103, 175, 5, NULL),
(164, NULL, 103, 176, 5, NULL),
(165, NULL, 103, 183, 5, NULL),
(166, NULL, 136, 144, 5, NULL),
(167, NULL, 136, 175, 5, NULL),
(168, NULL, 136, 176, 5, NULL),
(169, NULL, 136, 183, 5, NULL),
(170, NULL, 144, 175, 5, NULL),
(171, NULL, 144, 176, 5, NULL),
(172, NULL, 144, 183, 5, NULL),
(173, NULL, 175, 176, 5, NULL),
(174, NULL, 175, 183, 5, NULL),
(175, NULL, 176, 183, 5, NULL),
(176, NULL, 5, 37, 6, NULL),
(177, NULL, 5, 104, 6, NULL),
(178, NULL, 5, 167, 6, NULL),
(179, NULL, 5, 177, 6, NULL),
(180, NULL, 5, 182, 6, NULL),
(181, NULL, 12, 5, 6, NULL),
(182, NULL, 12, 37, 6, NULL),
(183, NULL, 12, 104, 6, NULL),
(184, NULL, 12, 167, 6, NULL),
(185, NULL, 12, 177, 6, NULL),
(186, NULL, 12, 182, 6, NULL),
(187, NULL, 21, 5, 6, NULL),
(188, NULL, 21, 12, 6, 211),
(189, NULL, 21, 37, 6, NULL),
(190, NULL, 21, 104, 6, NULL),
(191, NULL, 21, 167, 6, NULL),
(192, NULL, 21, 177, 6, NULL),
(193, NULL, 21, 182, 6, NULL),
(194, NULL, 37, 75, 6, NULL),
(195, NULL, 37, 104, 6, NULL),
(196, NULL, 37, 136, 6, NULL),
(197, NULL, 37, 144, 6, NULL),
(198, NULL, 37, 167, 6, NULL),
(199, NULL, 37, 177, 6, NULL),
(200, NULL, 37, 182, 6, NULL),
(201, NULL, 75, 5, 6, NULL),
(202, NULL, 75, 12, 6, NULL),
(203, NULL, 75, 21, 6, NULL),
(204, NULL, 75, 104, 6, NULL),
(205, NULL, 75, 167, 6, NULL),
(206, NULL, 75, 177, 6, NULL),
(207, NULL, 75, 182, 6, NULL),
(208, NULL, 104, 136, 6, NULL),
(209, NULL, 104, 144, 6, NULL),
(210, NULL, 104, 167, 6, NULL),
(211, NULL, 104, 177, 6, NULL),
(212, NULL, 104, 182, 6, NULL),
(213, NULL, 136, 5, 6, NULL),
(214, NULL, 136, 12, 6, NULL),
(215, NULL, 136, 21, 6, NULL),
(216, NULL, 136, 75, 6, NULL),
(217, NULL, 136, 167, 6, NULL),
(218, NULL, 136, 177, 6, NULL),
(219, NULL, 136, 182, 6, NULL),
(220, NULL, 144, 5, 6, NULL),
(221, NULL, 144, 12, 6, NULL),
(222, NULL, 144, 21, 6, NULL),
(223, NULL, 144, 75, 6, NULL),
(224, NULL, 144, 136, 6, NULL),
(225, NULL, 144, 167, 6, NULL),
(226, NULL, 144, 177, 6, NULL),
(227, NULL, 144, 182, 6, NULL),
(228, NULL, 167, 177, 6, NULL),
(229, NULL, 167, 182, 6, NULL),
(230, NULL, 177, 182, 6, NULL),
(231, NULL, 14, 16, 7, NULL),
(232, NULL, 14, 69, 7, NULL),
(233, NULL, 14, 74, 7, NULL),
(234, NULL, 14, 101, 7, NULL),
(235, NULL, 14, 112, 7, NULL),
(236, NULL, 14, 118, 7, NULL),
(237, NULL, 14, 154, 7, NULL),
(238, NULL, 14, 163, 7, NULL),
(239, NULL, 16, 69, 7, NULL),
(240, NULL, 16, 74, 7, NULL),
(241, NULL, 16, 101, 7, NULL),
(242, NULL, 16, 112, 7, NULL),
(243, NULL, 16, 118, 7, NULL),
(244, NULL, 16, 154, 7, NULL),
(245, NULL, 16, 163, 7, NULL),
(246, NULL, 69, 74, 7, NULL),
(247, NULL, 69, 101, 7, NULL),
(248, NULL, 69, 112, 7, NULL),
(249, NULL, 69, 118, 7, NULL),
(250, NULL, 69, 154, 7, NULL),
(251, NULL, 69, 163, 7, NULL),
(252, NULL, 74, 101, 7, NULL),
(253, NULL, 74, 112, 7, NULL),
(254, NULL, 74, 118, 7, NULL),
(255, NULL, 74, 154, 7, NULL),
(256, NULL, 74, 163, 7, NULL),
(257, NULL, 101, 112, 7, NULL),
(258, NULL, 101, 118, 7, NULL),
(259, NULL, 101, 154, 7, NULL),
(260, NULL, 101, 163, 7, NULL),
(261, NULL, 112, 118, 7, NULL),
(262, NULL, 112, 154, 7, NULL),
(263, NULL, 112, 163, 7, NULL),
(264, NULL, 118, 154, 7, NULL),
(265, NULL, 118, 163, 7, NULL),
(266, NULL, 154, 163, 7, NULL),
(267, NULL, 1, 4, 8, NULL),
(268, NULL, 1, 9, 8, NULL),
(269, NULL, 1, 18, 8, NULL),
(270, NULL, 1, 77, 8, NULL),
(271, NULL, 1, 124, 8, NULL),
(272, NULL, 1, 129, 8, NULL),
(273, NULL, 1, 149, 8, NULL),
(274, NULL, 1, 178, 8, 209),
(275, NULL, 4, 9, 8, NULL),
(276, NULL, 4, 18, 8, NULL),
(277, NULL, 4, 22, 8, NULL),
(278, NULL, 4, 77, 8, NULL),
(279, NULL, 4, 124, 8, NULL),
(280, NULL, 4, 129, 8, NULL),
(281, NULL, 4, 149, 8, NULL),
(282, NULL, 4, 178, 8, NULL),
(283, NULL, 9, 18, 8, NULL),
(284, NULL, 9, 22, 8, NULL),
(285, NULL, 9, 77, 8, NULL),
(286, NULL, 9, 124, 8, NULL),
(287, NULL, 9, 129, 8, NULL),
(288, NULL, 9, 149, 8, NULL),
(289, NULL, 9, 178, 8, NULL),
(290, NULL, 18, 22, 8, NULL),
(291, NULL, 18, 77, 8, NULL),
(292, NULL, 18, 124, 8, NULL),
(293, NULL, 18, 129, 8, NULL),
(294, NULL, 18, 149, 8, NULL),
(295, NULL, 18, 178, 8, NULL),
(296, NULL, 22, 77, 8, NULL),
(297, NULL, 22, 124, 8, NULL),
(298, NULL, 22, 129, 8, NULL),
(299, NULL, 22, 149, 8, NULL),
(300, NULL, 22, 178, 8, NULL),
(301, NULL, 77, 124, 8, NULL),
(302, NULL, 77, 129, 8, NULL),
(303, NULL, 77, 149, 8, NULL),
(304, NULL, 77, 178, 8, NULL),
(305, NULL, 124, 129, 8, NULL),
(306, NULL, 124, 149, 8, NULL),
(307, NULL, 124, 178, 8, NULL),
(308, NULL, 129, 149, 8, NULL),
(309, NULL, 129, 178, 8, NULL),
(310, NULL, 149, 178, 8, NULL),
(311, NULL, 5, 25, 9, NULL),
(312, NULL, 5, 30, 9, NULL),
(313, NULL, 5, 36, 9, NULL),
(314, NULL, 5, 84, 9, NULL),
(315, NULL, 5, 94, 9, NULL),
(316, NULL, 5, 133, 9, NULL),
(317, NULL, 5, 138, 9, NULL),
(318, NULL, 5, 181, 9, NULL),
(319, NULL, 5, 184, 9, NULL),
(320, NULL, 25, 30, 9, NULL),
(321, NULL, 25, 36, 9, NULL),
(322, NULL, 25, 84, 9, NULL),
(323, NULL, 25, 94, 9, NULL),
(324, NULL, 25, 133, 9, NULL),
(325, NULL, 25, 138, 9, NULL),
(326, NULL, 25, 181, 9, NULL),
(327, NULL, 25, 184, 9, NULL),
(328, NULL, 30, 36, 9, NULL),
(329, NULL, 30, 84, 9, NULL),
(330, NULL, 30, 94, 9, NULL),
(331, NULL, 30, 133, 9, NULL),
(332, NULL, 30, 138, 9, NULL),
(333, NULL, 30, 181, 9, NULL),
(334, NULL, 30, 184, 9, NULL),
(335, NULL, 36, 84, 9, NULL),
(336, NULL, 36, 94, 9, NULL),
(337, NULL, 36, 133, 9, NULL),
(338, NULL, 36, 138, 9, NULL),
(339, NULL, 36, 181, 9, NULL),
(340, NULL, 36, 184, 9, NULL),
(341, NULL, 84, 94, 9, NULL),
(342, NULL, 84, 133, 9, NULL),
(343, NULL, 84, 138, 9, NULL),
(344, NULL, 84, 181, 9, NULL),
(345, NULL, 84, 184, 9, NULL),
(346, NULL, 94, 133, 9, NULL),
(347, NULL, 94, 138, 9, NULL),
(348, NULL, 94, 181, 9, NULL),
(349, NULL, 94, 184, 9, NULL),
(350, NULL, 133, 138, 9, NULL),
(351, NULL, 133, 181, 9, NULL),
(352, NULL, 133, 184, 9, NULL),
(353, NULL, 138, 181, 9, NULL),
(354, NULL, 138, 184, 9, NULL),
(355, NULL, 181, 184, 9, NULL),
(356, NULL, 14, 36, 10, NULL),
(357, NULL, 14, 91, 10, NULL),
(358, NULL, 14, 98, 10, NULL),
(359, NULL, 14, 117, 10, NULL),
(360, NULL, 14, 158, 10, NULL),
(361, NULL, 14, 172, 10, NULL),
(362, NULL, 16, 14, 10, NULL),
(363, NULL, 16, 36, 10, NULL),
(364, NULL, 16, 91, 10, NULL),
(365, NULL, 16, 98, 10, NULL),
(366, NULL, 16, 117, 10, NULL),
(367, NULL, 16, 158, 10, NULL),
(368, NULL, 16, 172, 10, NULL),
(369, NULL, 36, 69, 10, NULL),
(370, NULL, 36, 91, 10, NULL),
(371, NULL, 36, 98, 10, NULL),
(372, NULL, 36, 117, 10, NULL),
(373, NULL, 36, 158, 10, NULL),
(374, NULL, 36, 172, 10, NULL),
(375, NULL, 69, 14, 10, NULL),
(376, NULL, 69, 16, 10, NULL),
(377, NULL, 69, 91, 10, NULL),
(378, NULL, 69, 98, 10, NULL),
(379, NULL, 69, 117, 10, NULL),
(380, NULL, 69, 158, 10, NULL),
(381, NULL, 69, 172, 10, NULL),
(382, NULL, 91, 98, 10, NULL),
(383, NULL, 91, 117, 10, NULL),
(384, NULL, 91, 158, 10, NULL),
(385, NULL, 91, 172, 10, NULL),
(386, NULL, 98, 117, 10, NULL),
(387, NULL, 98, 158, 10, NULL),
(388, NULL, 98, 172, 10, NULL),
(389, NULL, 117, 158, 10, NULL),
(390, NULL, 117, 172, 10, NULL),
(391, NULL, 158, 172, 10, NULL),
(392, NULL, 1, 5, 11, 206),
(393, NULL, 1, 12, 11, NULL),
(394, NULL, 1, 19, 11, NULL),
(395, NULL, 1, 20, 11, 208),
(396, NULL, 1, 76, 11, NULL),
(397, NULL, 1, 121, 11, NULL),
(398, NULL, 1, 127, 11, NULL),
(399, NULL, 1, 151, 11, NULL),
(400, NULL, 1, 180, 11, NULL),
(401, NULL, 5, 19, 11, NULL),
(402, NULL, 5, 20, 11, NULL),
(403, NULL, 5, 76, 11, NULL),
(404, NULL, 5, 121, 11, NULL),
(405, NULL, 5, 127, 11, NULL),
(406, NULL, 5, 151, 11, NULL),
(407, NULL, 5, 180, 11, NULL),
(408, NULL, 12, 19, 11, NULL),
(409, NULL, 12, 20, 11, NULL),
(410, NULL, 12, 76, 11, NULL),
(411, NULL, 12, 121, 11, NULL),
(412, NULL, 12, 127, 11, NULL),
(413, NULL, 12, 151, 11, NULL),
(414, NULL, 12, 180, 11, NULL),
(415, NULL, 19, 20, 11, NULL),
(416, NULL, 19, 76, 11, NULL),
(417, NULL, 19, 121, 11, NULL),
(418, NULL, 19, 127, 11, NULL),
(419, NULL, 19, 151, 11, NULL),
(420, NULL, 19, 180, 11, NULL),
(421, NULL, 20, 76, 11, NULL),
(422, NULL, 20, 121, 11, NULL),
(423, NULL, 20, 127, 11, NULL),
(424, NULL, 20, 151, 11, NULL),
(425, NULL, 20, 180, 11, NULL),
(426, NULL, 76, 121, 11, NULL),
(427, NULL, 76, 127, 11, NULL),
(428, NULL, 76, 151, 11, NULL),
(429, NULL, 76, 180, 11, NULL),
(430, NULL, 121, 127, 11, NULL),
(431, NULL, 121, 151, 11, NULL),
(432, NULL, 121, 180, 11, NULL),
(433, NULL, 127, 151, 11, NULL),
(434, NULL, 127, 180, 11, NULL),
(435, NULL, 151, 180, 11, NULL),
(436, NULL, 6, 23, 12, NULL),
(437, NULL, 6, 26, 12, NULL),
(438, NULL, 6, 32, 12, NULL),
(439, NULL, 6, 78, 12, NULL),
(440, NULL, 6, 82, 12, NULL),
(441, NULL, 6, 133, 12, NULL),
(442, NULL, 6, 140, 12, NULL),
(443, NULL, 6, 182, 12, NULL),
(444, NULL, 6, 185, 12, NULL),
(445, NULL, 23, 26, 12, NULL),
(446, NULL, 23, 32, 12, NULL),
(447, NULL, 23, 78, 12, NULL),
(448, NULL, 23, 82, 12, NULL),
(449, NULL, 23, 133, 12, NULL),
(450, NULL, 23, 140, 12, NULL),
(451, NULL, 23, 182, 12, NULL),
(452, NULL, 23, 185, 12, NULL),
(453, NULL, 26, 32, 12, NULL),
(454, NULL, 26, 78, 12, NULL),
(455, NULL, 26, 82, 12, NULL),
(456, NULL, 26, 133, 12, NULL),
(457, NULL, 26, 140, 12, NULL),
(458, NULL, 26, 182, 12, NULL),
(459, NULL, 26, 185, 12, NULL),
(460, NULL, 32, 78, 12, NULL),
(461, NULL, 32, 82, 12, NULL),
(462, NULL, 32, 140, 12, NULL),
(463, NULL, 32, 182, 12, NULL),
(464, NULL, 32, 185, 12, NULL),
(465, NULL, 78, 82, 12, NULL),
(466, NULL, 78, 133, 12, NULL),
(467, NULL, 78, 140, 12, NULL),
(468, NULL, 78, 182, 12, NULL),
(469, NULL, 78, 185, 12, NULL),
(470, NULL, 82, 133, 12, NULL),
(471, NULL, 82, 140, 12, NULL),
(472, NULL, 82, 182, 12, NULL),
(473, NULL, 82, 185, 12, NULL),
(474, NULL, 133, 32, 12, NULL),
(475, NULL, 133, 140, 12, NULL),
(476, NULL, 133, 182, 12, NULL),
(477, NULL, 133, 185, 12, NULL),
(478, NULL, 140, 182, 12, NULL),
(479, NULL, 140, 185, 12, NULL),
(480, NULL, 182, 185, 12, NULL);


-- INSERTS EN TABLA HUECO_DISPONIBLE
INSERT INTO HUECO_DISPONIBLE (`id`, `fecha`, `HORARIO_id`, `PAREJA_id`, `ENFRENTAMIENTO_id`) VALUES
(43, '2020-01-24', 8, 30, 328),
(45, '2020-01-22', 5, 1, 267),
(46, '2020-01-21', 4, 1, 81),
(48, '2020-01-22', 6, 1, 393),
(49, '2020-01-22', 3, 1, 393),
(50, '2020-01-24', 6, 1, 273),
(51, '2020-01-22', 1, 1, 273),
(57, '2020-01-20', 3, 5, 128);


-- INSERTS EN TABLA CATEGORIA_CAMPEONATO
INSERT INTO CATEGORIA_CAMPEONATO(id, CAMPEONATO_id, CATEGORIA_id) VALUES
(1, 1, 2),
(2, 1, 3),
(3, 1, 5),
(4, 1, 6),
(5, 1, 8),
(6, 1, 9),
(7, 2, 4),
(8, 2, 5),
(9, 2, 6),
(28, 3, 1),
(29, 3, 4),
(30, 3, 7);


-- INSERTS EN TABLA CLASIFICACION
INSERT INTO CLASIFICACION (`id`, `puntos`, `PAREJA_id`, `GRUPO_id`) VALUES
(1, 0, 15, 1),
(2, 1, 117, 1),
(3, 0, 22, 1),
(4, 1, 120, 1),
(5, 3, 32, 1),
(6, 7, 1, 1),
(7, 6, 133, 1),
(8, 2, 71, 1),
(9, 0, 4, 2),
(10, 0, 150, 2),
(11, 0, 79, 2),
(12, 0, 7, 2),
(13, 0, 158, 2),
(14, 0, 83, 2),
(15, 0, 13, 2),
(16, 0, 90, 2),
(17, 0, 22, 3),
(18, 4, 90, 3),
(19, 1, 27, 3),
(20, 1, 117, 3),
(21, 0, 32, 3),
(22, 6, 1, 3),
(23, 0, 123, 3),
(24, 0, 70, 3),
(25, 0, 4, 4),
(26, 0, 131, 4),
(27, 0, 78, 4),
(28, 0, 7, 4),
(29, 0, 139, 4),
(30, 0, 80, 4),
(31, 0, 15, 4),
(32, 0, 154, 4),
(33, 0, 83, 4),
(34, 0, 75, 5),
(35, 0, 103, 5),
(36, 0, 136, 5),
(37, 0, 5, 5),
(38, 0, 144, 5),
(39, 0, 12, 5),
(40, 0, 175, 5),
(41, 0, 21, 5),
(42, 0, 176, 5),
(43, 0, 33, 5),
(44, 0, 183, 5),
(45, 0, 75, 6),
(46, 0, 104, 6),
(47, 0, 136, 6),
(48, 0, 5, 6),
(49, 0, 144, 6),
(50, 0, 12, 6),
(51, 0, 167, 6),
(52, 0, 21, 6),
(53, 0, 177, 6),
(54, 0, 37, 6),
(55, 0, 182, 6),
(56, 0, 14, 7),
(57, 0, 112, 7),
(58, 0, 69, 7),
(59, 0, 154, 7),
(60, 0, 16, 7),
(61, 0, 118, 7),
(62, 0, 74, 7),
(63, 0, 163, 7),
(64, 0, 18, 8),
(65, 0, 124, 8),
(66, 0, 1, 8),
(67, 0, 77, 8),
(68, 0, 178, 8),
(69, 0, 22, 8),
(70, 0, 129, 8),
(71, 0, 4, 8),
(72, 0, 84, 9),
(73, 0, 181, 9),
(74, 0, 25, 9),
(75, 0, 133, 9),
(76, 0, 5, 9),
(77, 0, 94, 9),
(78, 0, 184, 9),
(79, 0, 30, 9),
(80, 0, 138, 9),
(81, 0, 9, 8),
(82, 0, 101, 7),
(83, 0, 36, 9),
(84, 0, 149, 8),
(85, 0, 14, 10),
(86, 0, 98, 10),
(87, 0, 36, 10),
(88, 0, 158, 10),
(89, 0, 16, 10),
(90, 0, 117, 10),
(91, 0, 69, 10),
(92, 0, 172, 10),
(93, 0, 19, 11),
(94, 0, 121, 11),
(95, 0, 1, 11),
(96, 0, 76, 11),
(97, 0, 180, 11),
(98, 0, 20, 11),
(99, 0, 127, 11),
(100, 0, 5, 11),
(101, 0, 78, 12),
(102, 0, 182, 12),
(103, 0, 23, 12),
(104, 0, 133, 12),
(105, 0, 6, 12),
(106, 0, 82, 12),
(107, 0, 185, 12),
(108, 0, 26, 12),
(109, 0, 140, 12),
(110, 0, 12, 11),
(111, 0, 91, 10),
(112, 0, 32, 12),
(113, 0, 151, 11);





